Class,Precision,Recall,F1,Support
False_Neither,0.0,0.0,0.0,0
True_Neither,0.0,0.0,0.0,0
False_Correct,0.08383233532934131,0.5185185185185185,0.14432989690721648,27
True_Misconception,0.7823721436343852,0.9755766621438263,0.8683574879227053,737
True_Correct,0.9875205704882063,0.9805283224400871,0.9840120251434818,7344
False_Misconception,0.9981672194100192,0.974855097170133,0.9863734368262183,11732
