Class,Precision,Recall,F1,Support
Incorrect,0.9909692956050572,0.979845224934093,0.9853758659026768,11759
Correct,0.9711433093875563,0.9870065585942334,0.9790106787774641,8081
