Class,Precision,Recall,F1,Support
Incorrect,0.9968051118210862,0.9968051118210862,0.9968051118210862,313
Correct,0.9957805907172996,0.9957805907172996,0.9957805907172996,237
